Day,Word
"DAY 01","sacred"
"DAY 01","abhor"
"DAY 01","fabricate"
"DAY 01","tacit"
"DAY 01","macabre"
"DAY 01","pact"
"DAY 01","deadlock"
"DAY 01","secede"
"DAY 01","differ"
"DAY 01","dogmatic"
"DAY 01","shallow"
"DAY 01","minimize"
"DAY 01","bogus"
"DAY 01","vanity"
"DAY 01","commit"
"DAY 01","memoir"
"DAY 01","churlish"
"DAY 01","zeal"
"DAY 01","plausible"
"DAY 01","hail"
"DAY 01","settle"
"DAY 01","imminent"
"DAY 01","lawsuit"
"DAY 01","exceed"
"DAY 01","crestfallen"
"DAY 01","similarity"
"DAY 01","amenable"
"DAY 01","pecuniary"
"DAY 01","famous"
"DAY 01","attitude"
"DAY 01","react"
"DAY 01","transcribe"
"DAY 01","wander"
"DAY 01","insist"
"DAY 01","request"
"DAY 01","illicit"
"DAY 01","ominous"
"DAY 01","brutal"
"DAY 01","calamity"
"DAY 01","endear"
"DAY 01","polemic"
"DAY 01","homely"
"DAY 01","admire"
"DAY 01","elaborate"
"DAY 01","eclat"
"DAY 01","adequate"
"DAY 01","nihilism"
"DAY 01","dialect"
"DAY 01","participate"
"DAY 01","guile"
"DAY 02","unctuous"
"DAY 02","hallucination"
"DAY 02","scold"
"DAY 02","hygienic"
"DAY 02","adjustment"
"DAY 02","aspiration"
"DAY 02","climactic"
"DAY 02","peruse"
"DAY 02","float"
"DAY 02","denounce"
"DAY 02","ponderous"
"DAY 02","dainty"
"DAY 02","pale"
"DAY 02","facade"
"DAY 02","machination"
"DAY 02","savior"
"DAY 02","cache"
"DAY 02","theology"
"DAY 02","iconoclastic"
"DAY 02","competition"
"DAY 02","telling"
"DAY 02","simultaneous"
"DAY 02","accidental"
"DAY 02","sagacious"
"DAY 02","offense"
"DAY 02","probation"
"DAY 02","rhyme"
"DAY 02","shorten"
"DAY 02","gracious"
"DAY 02","boredom"
"DAY 02","spank"
"DAY 02","yell"
"DAY 02","earnest"
"DAY 02","bewitch"
"DAY 02","embryo"
"DAY 02","narrow"
"DAY 02","piety"
"DAY 02","laconic"
"DAY 02","efface"
"DAY 02","miscellaneous"
"DAY 02","inquire"
"DAY 02","intuition"
"DAY 02","certify"
"DAY 02","vacillate"
"DAY 02","rebellious"
"DAY 02","aggravate"
"DAY 02","dignity"
"DAY 02","dolorous"
"DAY 02","abase"
"DAY 02","measure"
"DAY 03","complain"
"DAY 03","magnanimous"
"DAY 03","shabby"
"DAY 03","sect"
"DAY 03","negotiation"
"DAY 03","acerbic"
"DAY 03","sinecure"
"DAY 03","peep"
"DAY 03","earmark"
"DAY 03","effeminate"
"DAY 03","belie"
"DAY 03","respite"
"DAY 03","solidify"
"DAY 03","mediate"
"DAY 03","jealous"
"DAY 03","decadence"
"DAY 03","sack"
"DAY 03","flagrant"
"DAY 03","predicate"
"DAY 03","legerdemain"
"DAY 03","minority"
"DAY 03","adversary"
"DAY 03","factotum"
"DAY 03","scandalous"
"DAY 03","outdistance"
"DAY 03","tactile"
"DAY 03","doctrine"
"DAY 03","damp"
"DAY 03","cease"
"DAY 03","ennui"
"DAY 03","hefty"
"DAY 03","cabal"
"DAY 03","vane"
"DAY 03","itinerary"
"DAY 03","imperative"
"DAY 03","perspective"
"DAY 03","ambivalent"
"DAY 03","wayward"
"DAY 03","detail"
"DAY 03","cogent"
"DAY 03","realize"
"DAY 03","boorish"
"DAY 03","diffuse"
"DAY 03","inflict"
"DAY 03","poignant"
"DAY 03","architect"
"DAY 03","abandon"
"DAY 03","pacific"
"DAY 03","hype"
"DAY 03","thrift"
"DAY 04","lackadaisical"
"DAY 04","mushroom"
"DAY 04","dabble"
"DAY 04","mellow"
"DAY 04","corpulent"
"DAY 04","elevate"
"DAY 04","thorough"
"DAY 04","camouflage"
"DAY 04","nascent"
"DAY 04","salubrious"
"DAY 04","sediment"
"DAY 04","slacken"
"DAY 04","undo"
"DAY 04","hackneyed"
"DAY 04","generate"
"DAY 04","plebeian"
"DAY 04","foliage"
"DAY 04","anthropomorphic"
"DAY 04","magnitude"
"DAY 04","ramshackle"
"DAY 04","quack"
"DAY 04","tamper"
"DAY 04","celebrate"
"DAY 04","accountable"
"DAY 04","entity"
"DAY 04","dominion"
"DAY 04","bilateral"
"DAY 04","pant"
"DAY 04","consecutive"
"DAY 04","obdurate"
"DAY 04","veracious"
"DAY 04","procure"
"DAY 04","abnegate"
"DAY 04","penchant"
"DAY 04","destruction"
"DAY 04","pitfall"
"DAY 04","refuse"
"DAY 04","shorthand"
"DAY 04","impose"
"DAY 04","illuminate"
"DAY 04","emaciated"
"DAY 04","homonym"
"DAY 04","backbite"
"DAY 04","facilitate"
"DAY 04","agitate"
"DAY 04","adolescence"
"DAY 04","scowl"
"DAY 04","discernible"
"DAY 04","spontaneous"
"DAY 04","ignoble"
"DAY 05","sapid"
"DAY 05","capacious"
"DAY 05","tendency"
"DAY 05","tear"
"DAY 05","cripple"
"DAY 05","given"
"DAY 05","parch"
"DAY 05","nemesis"
"DAY 05","bounty"
"DAY 05","definite"
"DAY 05","dastard"
"DAY 05","doom"
"DAY 05","habitual"
"DAY 05","karma"
"DAY 05","egalitarian"
"DAY 05","weary"
"DAY 05","sovereign"
"DAY 05","porous"
"DAY 05","impassive"
"DAY 05","hideous"
"DAY 05","analyze"
"DAY 05","coincidence"
"DAY 05","malefactor"
"DAY 05","pilgrim"
"DAY 05","scoff"
"DAY 05","siesta"
"DAY 05","ingenuous"
"DAY 05","obligatory"
"DAY 05","adjacent"
"DAY 05","semblance"
"DAY 05","gadget"
"DAY 05","timid"
"DAY 05","vacuum"
"DAY 05","languish"
"DAY 05","befall"
"DAY 05","chew"
"DAY 05","shrewd"
"DAY 05","fumble"
"DAY 05","improvement"
"DAY 05","fastidious"
"DAY 05","utter"
"DAY 05","abbreviate"
"DAY 05","perennial"
"DAY 05","recuperate"
"DAY 05","diligent"
"DAY 05","racism"
"DAY 05","mendacious"
"DAY 05","euphony"
"DAY 05","plummet"
"DAY 05","mourn"
"DAY 06","abate"
"DAY 06","maintain"
"DAY 06","reprieve"
"DAY 06","sensual"
"DAY 06","gaffe"
"DAY 06","organization"
"DAY 06","prevalent"
"DAY 06","beforehand"
"DAY 06","monograph"
"DAY 06","engage"
"DAY 06","illustrious"
"DAY 06","radical"
"DAY 06","equality"
"DAY 06","hierarchy"
"DAY 06","sweep"
"DAY 06","disapprove"
"DAY 06","pique"
"DAY 06","ban"
"DAY 06","shortchange"
"DAY 06","commandeer"
"DAY 06","dowry"
"DAY 06","odious"
"DAY 06","label"
"DAY 06","clairvoyant"
"DAY 06","prospect"
"DAY 06","lure"
"DAY 06","palatable"
"DAY 06","slender"
"DAY 06","foible"
"DAY 06","jam"
"DAY 06","debacle"
"DAY 06","haggard"
"DAY 06","acme"
"DAY 06","torpor"
"DAY 06","mercenary"
"DAY 06","cadence"
"DAY 06","salvation"
"DAY 06","factitious"
"DAY 06","altar"
"DAY 06","allege"
"DAY 06","indicate"
"DAY 06","vacant"
"DAY 06","discordant"
"DAY 06","undulate"
"DAY 06","eccentric"
"DAY 06","tarnish"
"DAY 06","adept"
"DAY 06","irrigate"
"DAY 06","necessity"
"DAY 06","champion"
"DAY 07","debris"
"DAY 07","border"
"DAY 07","prompt"
"DAY 07","lethargic"
"DAY 07","abash"
"DAY 07","cronyism"
"DAY 07","dazzle"
"DAY 07","endue"
"DAY 07","specify"
"DAY 07","elegy"
"DAY 07","plead"
"DAY 07","feature"
"DAY 07","accentuate"
"DAY 07","saline"
"DAY 07","witness"
"DAY 07","palliative"
"DAY 07","magnificent"
"DAY 07","sentient"
"DAY 07","drawback"
"DAY 07","coherent"
"DAY 07","cajole"
"DAY 07","edible"
"DAY 07","vitiate"
"DAY 07","negligible"
"DAY 07","charity"
"DAY 07","quadruple"
"DAY 07","implore"
"DAY 07","rampant"
"DAY 07","discreet"
"DAY 07","bigoted"
"DAY 07","renovate"
"DAY 07","identity"
"DAY 07","incandescent"
"DAY 07","obesity"
"DAY 07","generous"
"DAY 07","thorny"
"DAY 07","placebo"
"DAY 07","bliss"
"DAY 07","ascetic"
"DAY 07","lodge"
"DAY 07","taboo"
"DAY 07","utility"
"DAY 07","scrutinize"
"DAY 07","memento"
"DAY 07","fundamental"
"DAY 07","solecism"
"DAY 07","anecdote"
"DAY 07","mulct"
"DAY 07","sloppy"
"DAY 07","henceforth"
"DAY 08","bleach"
"DAY 08","palpable"
"DAY 08","equation"
"DAY 08","snowball"
"DAY 08","sensible"
"DAY 08","fragrant"
"DAY 08","peccadillo"
"DAY 08","dilettante"
"DAY 08","mitigate"
"DAY 08","ingredient"
"DAY 08","sanctuary"
"DAY 08","blur"
"DAY 08","laboratory"
"DAY 08","drizzle"
"DAY 08","retinue"
"DAY 08","infest"
"DAY 08","skim"
"DAY 08","impeccable"
"DAY 08","pinpoint"
"DAY 08","coerce"
"DAY 08","abut"
"DAY 08","quest"
"DAY 08","satisfaction"
"DAY 08","plethora"
"DAY 08","hiatus"
"DAY 08","debilitate"
"DAY 08","embrace"
"DAY 08","abruptly"
"DAY 08","confidential"
"DAY 08","lack"
"DAY 08","ambience"
"DAY 08","morale"
"DAY 08","undaunted"
"DAY 08","genocide"
"DAY 08","appellation"
"DAY 08","commodity"
"DAY 08","officiate"
"DAY 08","ransack"
"DAY 08","bare"
"DAY 08","efficient"
"DAY 08","harmful"
"DAY 08","martinet"
"DAY 08","vehement"
"DAY 08","ordeal"
"DAY 08","nadir"
"DAY 08","specious"
"DAY 08","callow"
"DAY 08","tentative"
"DAY 08","ebullient"
"DAY 08","topple"
"DAY 09","furious"
"DAY 09","plastic"
"DAY 09","rancid"
"DAY 09","jargon"
"DAY 09","sluggish"
"DAY 09","heave"
"DAY 09","vengeful"
"DAY 09","verbal"
"DAY 09","chivalry"
"DAY 09","austerity"
"DAY 09","linger"
"DAY 09","dilatory"
"DAY 09","taciturn"
"DAY 09","undercover"
"DAY 09","reside"
"DAY 09","laity"
"DAY 09","investigation"
"DAY 09","sangfroid"
"DAY 09","gaiety"
"DAY 09","spare"
"DAY 09","expenditure"
"DAY 09","manufacture"
"DAY 09","cozy"
"DAY 09","opponent"
"DAY 09","bizarre"
"DAY 09","pandemonium"
"DAY 09","sequester"
"DAY 09","withhold"
"DAY 09","duel"
"DAY 09","arrogate"
"DAY 09","motley"
"DAY 09","fidelity"
"DAY 09","everlasting"
"DAY 09","physiognomy"
"DAY 09","calibrate"
"DAY 09","brim"
"DAY 09","colloquial"
"DAY 09","activate"
"DAY 09","immense"
"DAY 09","bode"
"DAY 09","impart"
"DAY 09","embellish"
"DAY 09","messy"
"DAY 09","trailblazer"
"DAY 09","snap"
"DAY 09","demote"
"DAY 09","distraught"
"DAY 09","pensive"
"DAY 09","sculpture"
"DAY 09","allowance"
"DAY 10","annoyance"
"DAY 10","wirepuller"
"DAY 10","shudder"
"DAY 10","eligible"
"DAY 10","complicit"
"DAY 10","excoriate"
"DAY 10","adjourn"
"DAY 10","pediatrician"
"DAY 10","counterfeit"
"DAY 10","onslaught"
"DAY 10","facetious"
"DAY 10","carnage"
"DAY 10","galvanize"
"DAY 10","translate"
"DAY 10","vacuous"
"DAY 10","intermingle"
"DAY 10","abode"
"DAY 10","keen"
"DAY 10","debar"
"DAY 10","scare"
"DAY 10","analogous"
"DAY 10","disquisition"
"DAY 10","channel"
"DAY 10","boost"
"DAY 10","haphazard"
"DAY 10","recalcitrant"
"DAY 10","applaud"
"DAY 10","freeze"
"DAY 10","slipshod"
"DAY 10","utmost"
"DAY 10","panacea"
"DAY 10","poise"
"DAY 10","lecherous"
"DAY 10","merciless"
"DAY 10","delinquent"
"DAY 10","raft"
"DAY 10","backbone"
"DAY 10","majesty"
"DAY 10","social"
"DAY 10","neologism"
"DAY 10","inspect"
"DAY 10","heckle"
"DAY 10","phenomenal"
"DAY 10","impending"
"DAY 10","emissary"
"DAY 10","sacrilege"
"DAY 10","mutiny"
"DAY 10","temporary"
"DAY 10","sprawl"
"DAY 10","drowsy"
"DAY 11","spew"
"DAY 11","howl"
"DAY 11","outcast"
"DAY 11","gild"
"DAY 11","somber"
"DAY 11","puny"
"DAY 11","dull"
"DAY 11","lassitude"
"DAY 11","alert"
"DAY 11","serpentine"
"DAY 11","monopoly"
"DAY 11","blot"
"DAY 11","diametric"
"DAY 11","indict"
"DAY 11","decipher"
"DAY 11","barren"
"DAY 11","paralyze"
"DAY 11","taint"
"DAY 11","dynasty"
"DAY 11","stash"
"DAY 11","assume"
"DAY 11","enact"
"DAY 11","filibuster"
"DAY 11","contiguous"
"DAY 11","intermission"
"DAY 11","opportune"
"DAY 11","censure"
"DAY 11","quake"
"DAY 11","aggrandize"
"DAY 11","liquidate"
"DAY 11","shield"
"DAY 11","middle-of-the-road"
"DAY 11","estate"
"DAY 11","ubiquitous"
"DAY 11","immutable"
"DAY 11","aboriginal"
"DAY 11","via"
"DAY 11","apothecary"
"DAY 11","ferment"
"DAY 11","pragmatism"
"DAY 11","scarce"
"DAY 11","comparison"
"DAY 11","tenement"
"DAY 11","rubicund"
"DAY 11","recourse"
"DAY 11","perpendicular"
"DAY 11","nebulous"
"DAY 11","eclectic"
"DAY 11","collision"
"DAY 11","segment"
"DAY 12","standstill"
"DAY 12","deciduous"
"DAY 12","garrulous"
"DAY 12","plague"
"DAY 12","sober"
"DAY 12","yen"
"DAY 12","urgent"
"DAY 12","local"
"DAY 12","mobile"
"DAY 12","optimistic"
"DAY 12","herculean"
"DAY 12","maladroit"
"DAY 12","spleen"
"DAY 12","ventilate"
"DAY 12","elongate"
"DAY 12","terse"
"DAY 12","annihilate"
"DAY 12","sphere"
"DAY 12","charlatan"
"DAY 12","ravage"
"DAY 12","comment"
"DAY 12","cacophony"
"DAY 12","seismic"
"DAY 12","metaphysics"
"DAY 12","brag"
"DAY 12","redoubtable"
"DAY 12","prose"
"DAY 12","embargo"
"DAY 12","dole"
"DAY 12","decoy"
"DAY 12","favorable"
"DAY 12","niche"
"DAY 12","complacent"
"DAY 12","disguise"
"DAY 12","satiate"
"DAY 12","impugn"
"DAY 12","abundant"
"DAY 12","hub"
"DAY 12","tickle"
"DAY 12","pharisaic"
"DAY 12","whine"
"DAY 12","appraise"
"DAY 12","pacify"
"DAY 12","excessive"
"DAY 12","benefactor"
"DAY 12","idyllic"
"DAY 12","inchoate"
"DAY 12","fortress"
"DAY 12","abduct"
"DAY 12","deform"
"DAY 13","dominate"
"DAY 13","tactic"
"DAY 13","lopsided"
"DAY 13","annotate"
"DAY 13","seamless"
"DAY 13","slay"
"DAY 13","vintage"
"DAY 13","noblesse oblige"
"DAY 13","glitch"
"DAY 13","tactless"
"DAY 13","abnormal"
"DAY 13","mammal"
"DAY 13","periodic"
"DAY 13","despot"
"DAY 13","whimsical"
"DAY 13","circumscribe"
"DAY 13","incipient"
"DAY 13","specimen"
"DAY 13","aim"
"DAY 13","blanch"
"DAY 13","torture"
"DAY 13","internal"
"DAY 13","electrify"
"DAY 13","disingenuous"
"DAY 13","egregious"
"DAY 13","ensemble"
"DAY 13","reciprocal"
"DAY 13","deity"
"DAY 13","adapt"
"DAY 13","bulk"
"DAY 13","mete"
"DAY 13","imperil"
"DAY 13","ramble"
"DAY 13","feeble"
"DAY 13","oppressive"
"DAY 13","sanctity"
"DAY 13","plutocracy"
"DAY 13","preserve"
"DAY 13","dank"
"DAY 13","furnish"
"DAY 13","libertine"
"DAY 13","jaunty"
"DAY 13","backwater"
"DAY 13","career"
"DAY 13","confide"
"DAY 13","humble"
"DAY 13","script"
"DAY 13","creed"
"DAY 13","obey"
"DAY 13","miserly"
"DAY 14","vendor"
"DAY 14","abound"
"DAY 14","inculcate"
"DAY 14","harness"
"DAY 14","marvel"
"DAY 14","tedious"
"DAY 14","thesis"
"DAY 14","impetuous"
"DAY 14","instinct"
"DAY 14","pittance"
"DAY 14","shed"
"DAY 14","venerate"
"DAY 14","rally"
"DAY 14","contemn"
"DAY 14","sequel"
"DAY 14","stealthy"
"DAY 14","bout"
"DAY 14","sophist"
"DAY 14","condescend"
"DAY 14","manifesto"
"DAY 14","sanguine"
"DAY 14","miserable"
"DAY 14","hirsute"
"DAY 14","bequeath"
"DAY 14","laudatory"
"DAY 14","dejected"
"DAY 14","elixir"
"DAY 14","ogle"
"DAY 14","qualify"
"DAY 14","commotion"
"DAY 14","underdog"
"DAY 14","partisan"
"DAY 14","distinguish"
"DAY 14","numerous"
"DAY 14","entry"
"DAY 14","legend"
"DAY 14","perjury"
"DAY 14","discipline"
"DAY 14","rehearse"
"DAY 14","generic"
"DAY 14","advert"
"DAY 14","asseverate"
"DAY 14","posthumous"
"DAY 14","faithful"
"DAY 14","excel"
"DAY 14","depredation"
"DAY 14","candid"
"DAY 14","apathetic"
"DAY 14","additive"
"DAY 14","soil"
"DAY 15","bother"
"DAY 15","fiesta"
"DAY 15","old-fashioned"
"DAY 15","deleterious"
"DAY 15","impede"
"DAY 15","slack"
"DAY 15","spate"
"DAY 15","tantalize"
"DAY 15","emanate"
"DAY 15","ken"
"DAY 15","authentic"
"DAY 15","rate"
"DAY 15","shrill"
"DAY 15","regimen"
"DAY 15","solstice"
"DAY 15","haul"
"DAY 15","fallacy"
"DAY 15","complicated"
"DAY 15","loosen"
"DAY 15","pliant"
"DAY 15","anthem"
"DAY 15","cavernous"
"DAY 15","weird"
"DAY 15","pantry"
"DAY 15","stiff"
"DAY 15","alienate"
"DAY 15","sardonic"
"DAY 15","courteous"
"DAY 15","effete"
"DAY 15","permeate"
"DAY 15","indignation"
"DAY 15","maudlin"
"DAY 15","lackluster"
"DAY 15","germane"
"DAY 15","acquaint"
"DAY 15","gnaw"
"DAY 15","vaccination"
"DAY 15","megalomania"
"DAY 15","dirge"
"DAY 15","throe"
"DAY 15","compliment"
"DAY 15","neophyte"
"DAY 15","dispense"
"DAY 15","essential"
"DAY 15","moral"
"DAY 15","default"
"DAY 15","behemoth"
"DAY 15","possess"
"DAY 15","identical"
"DAY 15","abstract"
"DAY 16","jaundiced"
"DAY 16","arbitrary"
"DAY 16","metaphor"
"DAY 16","painstaking"
"DAY 16","necrology"
"DAY 16","vague"
"DAY 16","paradigm"
"DAY 16","misprision"
"DAY 16","avenge"
"DAY 16","unanimous"
"DAY 16","factor"
"DAY 16","skimp"
"DAY 16","pollutant"
"DAY 16","diction"
"DAY 16","eerie"
"DAY 16","latitude"
"DAY 16","connotation"
"DAY 16","bigotry"
"DAY 16","irate"
"DAY 16","heathen"
"DAY 16","dementia"
"DAY 16","referendum"
"DAY 16","gear"
"DAY 16","tranquil"
"DAY 16","implicit"
"DAY 16","lament"
"DAY 16","behoove"
"DAY 16","pose"
"DAY 16","salient"
"DAY 16","insert"
"DAY 16","rob"
"DAY 16","hedonism"
"DAY 16","omniscient"
"DAY 16","recount"
"DAY 16","empirical"
"DAY 16","cantankerous"
"DAY 16","decimate"
"DAY 16","argument"
"DAY 16","demonstrate"
"DAY 16","ensnare"
"DAY 16","condense"
"DAY 16","acquit"
"DAY 16","scrupulous"
"DAY 16","fecund"
"DAY 16","malicious"
"DAY 16","clarify"
"DAY 16","oblation"
"DAY 16","subsidy"
"DAY 16","stud"
"DAY 16","telepathy"
"DAY 17","quaint"
"DAY 17","sapient"
"DAY 17","proponent"
"DAY 17","gainsay"
"DAY 17","scatter"
"DAY 17","sly"
"DAY 17","determination"
"DAY 17","nepotism"
"DAY 17","concave"
"DAY 17","logomachy"
"DAY 17","assure"
"DAY 17","economical"
"DAY 17","relapse"
"DAY 17","legitimate"
"DAY 17","weld"
"DAY 17","mien"
"DAY 17","spillover"
"DAY 17","emulate"
"DAY 17","intervene"
"DAY 17","pillage"
"DAY 17","casuistry"
"DAY 17","autocratic"
"DAY 17","tavern"
"DAY 17","interact"
"DAY 17","parochial"
"DAY 17","mandatory"
"DAY 17","sibling"
"DAY 17","decline"
"DAY 17","vertex"
"DAY 17","barrack"
"DAY 17","impertinent"
"DAY 17","rapacious"
"DAY 17","epicure"
"DAY 17","flatter"
"DAY 17","desolate"
"DAY 17","diabolical"
"DAY 17","adversity"
"DAY 17","manumit"
"DAY 17","various"
"DAY 17","far-fetched"
"DAY 17","high-end"
"DAY 17","cheat"
"DAY 17","bombastic"
"DAY 17","colossal"
"DAY 17","torment"
"DAY 17","percussion"
"DAY 17","obtain"
"DAY 17","accumulate"
"DAY 17","aberrant"
"DAY 17","second-hand"
"DAY 18","effulgent"
"DAY 18","snatch"
"DAY 18","passionate"
"DAY 18","opium"
"DAY 18","elucidate"
"DAY 18","ransom"
"DAY 18","scapegoat"
"DAY 18","backfire"
"DAY 18","accommodate"
"DAY 18","dissension"
"DAY 18","bivouac"
"DAY 18","atone"
"DAY 18","affable"
"DAY 18","recapitulate"
"DAY 18","load"
"DAY 18","coffin"
"DAY 18","hemorrhage"
"DAY 18","massacre"
"DAY 18","falsify"
"DAY 18","global"
"DAY 18","concoct"
"DAY 18","doublespeak"
"DAY 18","tantamount"
"DAY 18","quantify"
"DAY 18","naive"
"DAY 18","somersault"
"DAY 18","formula"
"DAY 18","skeptical"
"DAY 18","hazardous"
"DAY 18","tender"
"DAY 18","perigee"
"DAY 18","poll"
"DAY 18","plaintive"
"DAY 18","viable"
"DAY 18","underpinning"
"DAY 18","odd"
"DAY 18","clumsy"
"DAY 18","monotheism"
"DAY 18","aisle"
"DAY 18","meditate"
"DAY 18","ethos"
"DAY 18","introduction"
"DAY 18","squeeze"
"DAY 18","choreography"
"DAY 18","decry"
"DAY 18","incite"
"DAY 18","immediate"
"DAY 18","thread"
"DAY 18","detached"
"DAY 18","saunter"
"DAY 19","cognitive"
"DAY 19","scrap"
"DAY 19","appendix"
"DAY 19","bestial"
"DAY 19","percolate"
"DAY 19","shoal"
"DAY 19","warrant"
"DAY 19","far-reaching"
"DAY 19","deficiency"
"DAY 19","appendix"
"DAY 19","boundary"
"DAY 19","afflict"
"DAY 19","exact"
"DAY 19","lesion"
"DAY 19","malignant"
"DAY 19","charge"
"DAY 19","merger"
"DAY 19","plenary"
"DAY 19","stenography"
"DAY 19","brood"
"DAY 19","rebuke"
"DAY 19","deft"
"DAY 19","nod"
"DAY 19","terrific"
"DAY 19","inadvertent"
"DAY 19","responsible"
"DAY 19","long-winded"
"DAY 19","taunt"
"DAY 19","inherit"
"DAY 19","effrontery"
"DAY 19","acquired"
"DAY 19","vomit"
"DAY 19","circumstance"
"DAY 19","solid"
"DAY 19","haven"
"DAY 19","javelin"
"DAY 19","apologize"
"DAY 19","smuggle"
"DAY 19","muzzle"
"DAY 19","embark"
"DAY 19","out-of-date"
"DAY 19","pallid"
"DAY 19","illusion"
"DAY 19","slim"
"DAY 19","velocity"
"DAY 19","disposition"
"DAY 19","flabbergast"
"DAY 19","passive"
"DAY 19","genuine"
"DAY 19","chunk"
"DAY 20","tempest"
"DAY 20","parliament"
"DAY 20","aggressive"
"DAY 20","sedulous"
"DAY 20","desirable"
"DAY 20","nasty"
"DAY 20","encyclopedia"
"DAY 20","vanguard"
"DAY 20","accelerate"
"DAY 20","reconcile"
"DAY 20","obstreperous"
"DAY 20","askew"
"DAY 20","clutter"
"DAY 20","premium"
"DAY 20","statistics"
"DAY 20","defy"
"DAY 20","hangover"
"DAY 20","emerge"
"DAY 20","tenuous"
"DAY 20","severe"
"DAY 20","uproot"
"DAY 20","belated"
"DAY 20","perfunctory"
"DAY 20","extenuate"
"DAY 20","specialize"
"DAY 20","obliterate"
"DAY 20","marginal"
"DAY 20","kernel"
"DAY 20","mayhem"
"DAY 20","inactive"
"DAY 20","fidgety"
"DAY 20","include"
"DAY 20","liable"
"DAY 20","impel"
"DAY 20","sift"
"DAY 20","frolic"
"DAY 20","gauge"
"DAY 20","exponential"
"DAY 20","deceit"
"DAY 20","heinous"
"DAY 20","persistent"
"DAY 20","bulge"
"DAY 20","taper"
"DAY 20","chance"
"DAY 20","misconception"
"DAY 20","tropic"
"DAY 20","conglomerate"
"DAY 20","commodious"
"DAY 20","deluge"
"DAY 20","stillborn"
"DAY 21","palliate"
"DAY 21","garish"
"DAY 21","mastermind"
"DAY 21","recipient"
"DAY 21","deputy"
"DAY 21","bolster"
"DAY 21","seasoned"
"DAY 21","cosmic"
"DAY 21","affiance"
"DAY 21","mountebank"
"DAY 21","preferable"
"DAY 21","horizon"
"DAY 21","encounter"
"DAY 21","tonic"
"DAY 21","concentration"
"DAY 21","veto"
"DAY 21","penal"
"DAY 21","quality"
"DAY 21","marital"
"DAY 21","shortcoming"
"DAY 21","lissome"
"DAY 21","testy"
"DAY 21","debunk"
"DAY 21","remark"
"DAY 21","threaten"
"DAY 21","sojourn"
"DAY 21","exhilarating"
"DAY 21","detergent"
"DAY 21","extemporaneous"
"DAY 21","stale"
"DAY 21","ungainly"
"DAY 21","incessant"
"DAY 21","sponsor"
"DAY 21","impoverish"
"DAY 21","persuade"
"DAY 21","agile"
"DAY 21","wane"
"DAY 21","bastard"
"DAY 21","fatuous"
"DAY 21","individuality"
"DAY 21","philanthropy"
"DAY 21","squat"
"DAY 21","deplore"
"DAY 21","classify"
"DAY 21","vendetta"
"DAY 21","fealty"
"DAY 21","compatible"
"DAY 21","amend"
"DAY 21","aphorism"
"DAY 21","onlooker"
"DAY 22","outgrow"
"DAY 22","anadromous"
"DAY 22","obsolete"
"DAY 22","perspicacious"
"DAY 22","sob"
"DAY 22","whip"
"DAY 22","dreary"
"DAY 22","outdated"
"DAY 22","smut"
"DAY 22","salute"
"DAY 22","ailment"
"DAY 22","heretic"
"DAY 22","baffle"
"DAY 22","enamor"
"DAY 22","modest"
"DAY 22","petrify"
"DAY 22","affect"
"DAY 22","uncharted"
"DAY 22","felicity"
"DAY 22","vigorous"
"DAY 22","firmament"
"DAY 22","bibliophile"
"DAY 22","construct"
"DAY 22","hasten"
"DAY 22","elastic"
"DAY 22","transparent"
"DAY 22","shrine"
"DAY 22","commensurate"
"DAY 22","envy"
"DAY 22","capitalize"
"DAY 22","inertia"
"DAY 22","abiding"
"DAY 22","commission"
"DAY 22","pastoral"
"DAY 22","defamation"
"DAY 22","maelstrom"
"DAY 22","titanic"
"DAY 22","larceny"
"DAY 22","devout"
"DAY 22","awake"
"DAY 22","tally"
"DAY 22","mawkish"
"DAY 22","recur"
"DAY 22","gateway"
"DAY 22","inflate"
"DAY 22","pamphlet"
"DAY 22","yearn"
"DAY 22","impatient"
"DAY 22","deflect"
"DAY 22","sophisticated"
"DAY 23","malfeasance"
"DAY 23","omnipresent"
"DAY 23","euphuism"
"DAY 23","wholehearted"
"DAY 23","covet"
"DAY 23","marshal"
"DAY 23","familiarity"
"DAY 23","vagabond"
"DAY 23","separate"
"DAY 23","parlance"
"DAY 23","perpetuate"
"DAY 23","blossom"
"DAY 23","verdict"
"DAY 23","eminent"
"DAY 23","inane"
"DAY 23","antidote"
"DAY 23","abominable"
"DAY 23","intemperance"
"DAY 23","straddle"
"DAY 23","soliloquy"
"DAY 23","indulgent"
"DAY 23","unfold"
"DAY 23","mingle"
"DAY 23","allocate"
"DAY 23","demure"
"DAY 23","apostate"
"DAY 23","garner"
"DAY 23","rotund"
"DAY 23","deficit"
"DAY 23","selection"
"DAY 23","temporal"
"DAY 23","refrain"
"DAY 23","labile"
"DAY 23","perturb"
"DAY 23","bleak"
"DAY 23","jejune"
"DAY 23","dehydrate"
"DAY 23","precaution"
"DAY 23","conducive"
"DAY 23","expel"
"DAY 23","tautology"
"DAY 23","flush"
"DAY 23","heritage"
"DAY 23","substitute"
"DAY 23","commonwealth"
"DAY 23","tolerate"
"DAY 23","diminish"
"DAY 23","literal"
"DAY 23","callous"
"DAY 23","stalk"
"DAY 24","congenital"
"DAY 24","myriad"
"DAY 24","haughty"
"DAY 24","convalescence"
"DAY 24","transcend"
"DAY 24","narcissism"
"DAY 24","pathetic"
"DAY 24","rejuvenate"
"DAY 24","setback"
"DAY 24","demented"
"DAY 24","scintillating"
"DAY 24","quantum"
"DAY 24","feasible"
"DAY 24","belvedere"
"DAY 24","attempt"
"DAY 24","enigmatic"
"DAY 24","bona fide"
"DAY 24","grasp"
"DAY 24","resurrection"
"DAY 24","dismiss"
"DAY 24","dolt"
"DAY 24","exclude"
"DAY 24","stool"
"DAY 24","incremental"
"DAY 24","opaque"
"DAY 24","auspice"
"DAY 24","venal"
"DAY 24","oblivion"
"DAY 24","portend"
"DAY 24","superintend"
"DAY 24","hypochondria"
"DAY 24","audacious"
"DAY 24","interlude"
"DAY 24","pathology"
"DAY 24","loathe"
"DAY 24","copious"
"DAY 24","brand"
"DAY 24","appreciate"
"DAY 24","supreme"
"DAY 24","infallible"
"DAY 24","somatic"
"DAY 24","uproar"
"DAY 24","endorse"
"DAY 24","frown"
"DAY 24","descendant"
"DAY 24","malleable"
"DAY 24","picayune"
"DAY 24","touchy"
"DAY 24","Mediterranean"
"DAY 24","cram"
"DAY 25","questionnaire"
"DAY 25","intellect"
"DAY 25","archenemy"
"DAY 25","relish"
"DAY 25","tool"
"DAY 25","vocal"
"DAY 25","consistent"
"DAY 25","drift"
"DAY 25","intrude"
"DAY 25","maternal"
"DAY 25","vary"
"DAY 25","extensive"
"DAY 25","patriarch"
"DAY 25","rosy"
"DAY 25","savvy"
"DAY 25","licentious"
"DAY 25","decent"
"DAY 25","connoisseur"
"DAY 25","solidarity"
"DAY 25","enfeeble"
"DAY 25","strive"
"DAY 25","autograph"
"DAY 25","measles"
"DAY 25","boast"
"DAY 25","comprise"
"DAY 25","meander"
"DAY 25","victim"
"DAY 25","consequence"
"DAY 25","secrete"
"DAY 25","temper"
"DAY 25","tangible"
"DAY 25","disperse"
"DAY 25","faction"
"DAY 25","hitherto"
"DAY 25","dint"
"DAY 25","opportunist"
"DAY 25","gallant"
"DAY 25","purview"
"DAY 25","weep"
"DAY 25","unwonted"
"DAY 25","sustainability"
"DAY 25","appease"
"DAY 25","encomium"
"DAY 25","stable"
"DAY 25","bellicose"
"DAY 25","potable"
"DAY 25","device"
"DAY 25","alternate"
"DAY 25","laundry"
"DAY 25","fluctuate"
"DAY 26","discharge"
"DAY 26","jaywalk"
"DAY 26","congruent"
"DAY 26","renaissance"
"DAY 26","glossary"
"DAY 26","ample"
"DAY 26","extinguish"
"DAY 26","peripheral"
"DAY 26","remonstrate"
"DAY 26","proffer"
"DAY 26","straightforward"
"DAY 26","incumbent"
"DAY 26","subside"
"DAY 26","manipulate"
"DAY 26","contrite"
"DAY 26","moving"
"DAY 26","feminine"
"DAY 26","inept"
"DAY 26","seclude"
"DAY 26","vital"
"DAY 26","mope"
"DAY 26","commune"
"DAY 26","unseemly"
"DAY 26","ensue"
"DAY 26","immemorial"
"DAY 26","decimal"
"DAY 26","preponderant"
"DAY 26","certificate"
"DAY 26","attribute"
"DAY 26","nausea"
"DAY 26","hinder"
"DAY 26","supine"
"DAY 26","hymn"
"DAY 26","top-down"
"DAY 26","vocation"
"DAY 26","likeness"
"DAY 26","tinge"
"DAY 26","obviate"
"DAY 26","descend"
"DAY 26","diploma"
"DAY 26","fertilizer"
"DAY 26","breach"
"DAY 26","salvage"
"DAY 26","belonging"
"DAY 26","paraphernalia"
"DAY 26","legacy"
"DAY 26","authorize"
"DAY 26","enforce"
"DAY 26","attorney"
"DAY 26","sarcasm"
"DAY 27","incorrigible"
"DAY 27","helm"
"DAY 27","wicked"
"DAY 27","depict"
"DAY 27","maggot"
"DAY 27","thermal"
"DAY 27","slant"
"DAY 27","conspicuous"
"DAY 27","tart"
"DAY 27","persist"
"DAY 27","fad"
"DAY 27","conception"
"DAY 27","binge"
"DAY 27","betray"
"DAY 27","enroll"
"DAY 27","off-hand"
"DAY 27","concise"
"DAY 27","gambit"
"DAY 27","apex"
"DAY 27","keynote"
"DAY 27","countervail"
"DAY 27","doleful"
"DAY 27","abridge"
"DAY 27","ascertain"
"DAY 27","indolence"
"DAY 27","veritable"
"DAY 27","disparity"
"DAY 27","retreat"
"DAY 27","proprietor"
"DAY 27","serenity"
"DAY 27","franchise"
"DAY 27","sacrifice"
"DAY 27","demographic"
"DAY 27","reactionary"
"DAY 27","immerse"
"DAY 27","pedagogy"
"DAY 27","temperate"
"DAY 27","stir"
"DAY 27","mend"
"DAY 27","omnibus"
"DAY 27","enrage"
"DAY 27","lapse"
"DAY 27","auxiliary"
"DAY 27","sycophant"
"DAY 27","misty"
"DAY 27","spooky"
"DAY 27","empathy"
"DAY 27","unearth"
"DAY 27","livery"
"DAY 27","principal"
"DAY 28","portent"
"DAY 28","armistice"
"DAY 28","distribute"
"DAY 28","infamous"
"DAY 28","addict"
"DAY 28","sinewy"
"DAY 28","sensuous"
"DAY 28","redeem"
"DAY 28","levity"
"DAY 28","surpass"
"DAY 28","adjure"
"DAY 28","malady"
"DAY 28","negative"
"DAY 28","tolerant"
"DAY 28","salutary"
"DAY 28","cramp"
"DAY 28","accurate"
"DAY 28","dearth"
"DAY 28","strait"
"DAY 28","terminate"
"DAY 28","sordid"
"DAY 28","disquiet"
"DAY 28","hitch"
"DAY 28","plunge"
"DAY 28","raven"
"DAY 28","impression"
"DAY 28","fathom"
"DAY 28","effusive"
"DAY 28","merge"
"DAY 28","pastime"
"DAY 28","obstruct"
"DAY 28","vermin"
"DAY 28","filthy"
"DAY 28","dormant"
"DAY 28","vulgar"
"DAY 28","exiguous"
"DAY 28","hardship"
"DAY 28","ulterior"
"DAY 28","grab"
"DAY 28","convenient"
"DAY 28","confront"
"DAY 28","enthrall"
"DAY 28","berserk"
"DAY 28","quarry"
"DAY 28","mutant"
"DAY 28","bilingual"
"DAY 28","cremation"
"DAY 28","phenomenon"
"DAY 28","indigenous"
"DAY 28","tactics"
"DAY 29","preoccupation"
"DAY 29","bear"
"DAY 29","specter"
"DAY 29","en route"
"DAY 29","outward"
"DAY 29","meticulous"
"DAY 29","lengthen"
"DAY 29","labyrinth"
"DAY 29","tenor"
"DAY 29","statue"
"DAY 29","renowned"
"DAY 29","wizened"
"DAY 29","unassuming"
"DAY 29","sanctimonious"
"DAY 29","misconstrue"
"DAY 29","infidel"
"DAY 29","resent"
"DAY 29","imprison"
"DAY 29","perfidy"
"DAY 29","donate"
"DAY 29","combination"
"DAY 29","disclaim"
"DAY 29","trace"
"DAY 29","communicate"
"DAY 29","beholden"
"DAY 29","valor"
"DAY 29","slang"
"DAY 29","jeopardy"
"DAY 29","enduring"
"DAY 29","rapport"
"DAY 29","genteel"
"DAY 29","occlude"
"DAY 29","hiccup"
"DAY 29","actuate"
"DAY 29","fasten"
"DAY 29","paroxysm"
"DAY 29","cadaverous"
"DAY 29","dose"
"DAY 29","assault"
"DAY 29","adorn"
"DAY 29","marble"
"DAY 29","deadly"
"DAY 29","segregate"
"DAY 29","brawl"
"DAY 29","entitle"
"DAY 29","fertile"
"DAY 29","pronounce"
"DAY 29","concede"
"DAY 29","inevitable"
"DAY 29","ashamed"
"DAY 30","hauteur"
"DAY 30","fictitious"
"DAY 30","penitent"
"DAY 30","petty"
"DAY 30","lift"
"DAY 30","upshot"
"DAY 30","secular"
"DAY 30","wager"
"DAY 30","imperceptible"
"DAY 30","attain"
"DAY 30","dissolute"
"DAY 30","organism"
"DAY 30","carnivore"
"DAY 30","sag"
"DAY 30","disrupt"
"DAY 30","reliable"
"DAY 30","plural"
"DAY 30","scathing"
"DAY 30","correspondence"
"DAY 30","paradox"
"DAY 30","novelty"
"DAY 30","fetish"
"DAY 30","despair"
"DAY 30","shatter"
"DAY 30","indecision"
"DAY 30","repercussion"
"DAY 30","project"
"DAY 30","ballyhoo"
"DAY 30","imitate"
"DAY 30","arrogant"
"DAY 30","verify"
"DAY 30","harass"
"DAY 30","apparatus"
"DAY 30","deem"
"DAY 30","bribe"
"DAY 30","engross"
"DAY 30","garment"
"DAY 30","accouter"
"DAY 30","meritocracy"
"DAY 30","torpid"
"DAY 30","radius"
"DAY 30","slumber"
"DAY 30","tantrum"
"DAY 30","transfer"
"DAY 30","concomitant"
"DAY 30","makeshift"
"DAY 30","sketchy"
"DAY 30","genetic"
"DAY 30","compulsive"
"DAY 30","emigrate"
"DAY 31","ignominious"
"DAY 31","confirm"
"DAY 31","endangered"
"DAY 31","chest"
"DAY 31","barrier"
"DAY 31","obedient"
"DAY 31","rebate"
"DAY 31","mind-boggling"
"DAY 31","tremendous"
"DAY 31","spawn"
"DAY 31","sedative"
"DAY 31","placate"
"DAY 31","stout"
"DAY 31","import"
"DAY 31","abolish"
"DAY 31","contend"
"DAY 31","patrician"
"DAY 31","humanity"
"DAY 31","reiterate"
"DAY 31","deride"
"DAY 31","penurious"
"DAY 31","undergo"
"DAY 31","wobble"
"DAY 31","astound"
"DAY 31","conscience"
"DAY 31","osteoporosis"
"DAY 31","dismantle"
"DAY 31","positive"
"DAY 31","insignificant"
"DAY 31","qualm"
"DAY 31","slippery"
"DAY 31","fabric"
"DAY 31","annuity"
"DAY 31","enlist"
"DAY 31","reimburse"
"DAY 31","variegated"
"DAY 31","theory"
"DAY 31","lousy"
"DAY 31","electorate"
"DAY 31","advertisement"
"DAY 31","bestow"
"DAY 31","manacle"
"DAY 31","tackle"
"DAY 31","geology"
"DAY 31","languid"
"DAY 31","feud"
"DAY 31","district"
"DAY 31","aspect"
"DAY 31","solemn"
"DAY 31","antonym"
"DAY 32","conservative"
"DAY 32","microscope"
"DAY 32","paucity"
"DAY 32","amerce"
"DAY 32","vicious"
"DAY 32","arsenal"
"DAY 32","maneuver"
"DAY 32","cluster"
"DAY 32","informal"
"DAY 32","bedizen"
"DAY 32","track"
"DAY 32","showdown"
"DAY 32","remorse"
"DAY 32","affirm"
"DAY 32","stammer"
"DAY 32","absurd"
"DAY 32","deliberate"
"DAY 32","harangue"
"DAY 32","peremptory"
"DAY 32","ward"
"DAY 32","entrench"
"DAY 32","accomplish"
"DAY 32","slander"
"DAY 32","urge"
"DAY 32","distress"
"DAY 32","garble"
"DAY 32","dependable"
"DAY 32","visage"
"DAY 32","cannibalism"
"DAY 32","lateral"
"DAY 32","taxing"
"DAY 32","comely"
"DAY 32","headstrong"
"DAY 32","pith"
"DAY 32","imposing"
"DAY 32","ecstasy"
"DAY 32","chart"
"DAY 32","neutral"
"DAY 32","landscape"
"DAY 32","spell"
"DAY 32","exempt"
"DAY 32","incur"
"DAY 32","relentless"
"DAY 32","bucolic"
"DAY 32","restore"
"DAY 32","solitary"
"DAY 32","offset"
"DAY 32","flip-flop"
"DAY 32","plot"
"DAY 32","trafficking"
"DAY 33","outrun"
"DAY 33","earthly"
"DAY 33","compartment"
"DAY 33","hypocrisy"
"DAY 33","autism"
"DAY 33","sought-after"
"DAY 33","exception"
"DAY 33","tease"
"DAY 33","dimension"
"DAY 33","address"
"DAY 33","angst"
"DAY 33","shimmer"
"DAY 33","degrade"
"DAY 33","petition"
"DAY 33","vainglorious"
"DAY 33","indelible"
"DAY 33","raze"
"DAY 33","phony"
"DAY 33","martyr"
"DAY 33","slovenly"
"DAY 33","fair"
"DAY 33","emblazon"
"DAY 33","torso"
"DAY 33","identify"
"DAY 33","decree"
"DAY 33","preach"
"DAY 33","longevity"
"DAY 33","jest"
"DAY 33","sue"
"DAY 33","crude"
"DAY 33","finagle"
"DAY 33","bishop"
"DAY 33","castigate"
"DAY 33","unintended"
"DAY 33","bewilder"
"DAY 33","lavish"
"DAY 33","controversy"
"DAY 33","avert"
"DAY 33","meager"
"DAY 33","panegyric"
"DAY 33","gizmo"
"DAY 33","inclement"
"DAY 33","newfangled"
"DAY 33","condign"
"DAY 33","snug"
"DAY 33","accessory"
"DAY 33","tawdry"
"DAY 33","remiss"
"DAY 33","omnipotent"
"DAY 33","relate"
"DAY 34","hegemony"
"DAY 34","kickback"
"DAY 34","colony"
"DAY 34","bespeak"
"DAY 34","sanguinary"
"DAY 34","impecunious"
"DAY 34","advisable"
"DAY 34","paramount"
"DAY 34","shiver"
"DAY 34","extend"
"DAY 34","infectious"
"DAY 34","ensconce"
"DAY 34","cognizant"
"DAY 34","vogue"
"DAY 34","ooze"
"DAY 34","well-to-do"
"DAY 34","underlie"
"DAY 34","distinguished"
"DAY 34","filial"
"DAY 34","tenure"
"DAY 34","pier"
"DAY 34","starry-eyed"
"DAY 34","dictator"
"DAY 34","sortition"
"DAY 34","spacious"
"DAY 34","leftover"
"DAY 34","anarchy"
"DAY 34","penitentiary"
"DAY 34","teem"
"DAY 34","crisscross"
"DAY 34","meet"
"DAY 34","appropriate"
"DAY 34","germinate"
"DAY 34","rancor"
"DAY 34","alien"
"DAY 34","function"
"DAY 34","impulse"
"DAY 34","hardwired"
"DAY 34","correspond"
"DAY 34","elated"
"DAY 34","perverse"
"DAY 34","throb"
"DAY 34","canine"
"DAY 34","acclimate"
"DAY 34","repellent"
"DAY 34","magnate"
"DAY 34","bias"
"DAY 34","outright"
"DAY 34","retard"
"DAY 34","deduce"
"DAY 35","saturate"
"DAY 35","somnolent"
"DAY 35","recede"
"DAY 35","pending"
"DAY 35","nonpareil"
"DAY 35","elapse"
"DAY 35","deliver"
"DAY 35","indispensable"
"DAY 35","disgust"
"DAY 35","compute"
"DAY 35","victual"
"DAY 35","watchword"
"DAY 35","bemoan"
"DAY 35","inexhaustible"
"DAY 35","thrall"
"DAY 35","summary"
"DAY 35","audible"
"DAY 35","evolution"
"DAY 35","rash"
"DAY 35","pernicious"
"DAY 35","thick"
"DAY 35","swift"
"DAY 35","depreciate"
"DAY 35","topography"
"DAY 35","maritime"
"DAY 35","sharpen"
"DAY 35","remuneration"
"DAY 35","embroil"
"DAY 35","bankruptcy"
"DAY 35","dodge"
"DAY 35","sheer"
"DAY 35","common"
"DAY 35","fascinate"
"DAY 35","credo"
"DAY 35","pirate"
"DAY 35","obscure"
"DAY 35","altitude"
"DAY 35","fowl"
"DAY 35","amiable"
"DAY 35","calumniate"
"DAY 35","impair"
"DAY 35","pathos"
"DAY 35","hermetic"
"DAY 35","metastasis"
"DAY 35","administer"
"DAY 35","gale"
"DAY 35","laissez-faire"
"DAY 35","utterly"
"DAY 35","pageant"
"DAY 35","lessen"
"DAY 36","infinite"
"DAY 36","advocate"
"DAY 36","antipathy"
"DAY 36","longitude"
"DAY 36","toll"
"DAY 36","errand"
"DAY 36","hazy"
"DAY 36","acoustic"
"DAY 36","durable"
"DAY 36","bent"
"DAY 36","trance"
"DAY 36","red tape"
"DAY 36","flaw"
"DAY 36","replace"
"DAY 36","navigate"
"DAY 36","denotation"
"DAY 36","majority"
"DAY 36","skittish"
"DAY 36","versatile"
"DAY 36","waterproof"
"DAY 36","corrupt"
"DAY 36","opposite"
"DAY 36","implement"
"DAY 36","sentiment"
"DAY 36","apostle"
"DAY 36","unflagging"
"DAY 36","abuse"
"DAY 36","mediocre"
"DAY 36","centennial"
"DAY 36","hurl"
"DAY 36","geography"
"DAY 36","collapse"
"DAY 36","obstetrician"
"DAY 36","circulate"
"DAY 36","caliber"
"DAY 36","perplex"
"DAY 36","peel"
"DAY 36","dread"
"DAY 36","palatial"
"DAY 36","employ"
"DAY 36","ferocious"
"DAY 36","skip"
"DAY 36","shortsighted"
"DAY 36","recumbent"
"DAY 36","inverse"
"DAY 36","liberate"
"DAY 36","procession"
"DAY 36","sartorial"
"DAY 36","blithe"
"DAY 36","screen"
"DAY 37","sentinel"
"DAY 37","impervious"
"DAY 37","clamor"
"DAY 37","jockey"
"DAY 37","downfall"
"DAY 37","obtuse"
"DAY 37","ramification"
"DAY 37","agenda"
"DAY 37","pertain"
"DAY 37","encapsulate"
"DAY 37","moody"
"DAY 37","undue"
"DAY 37","inborn"
"DAY 37","spangle"
"DAY 37","atheist"
"DAY 37","refrigerate"
"DAY 37","actually"
"DAY 37","timber"
"DAY 37","coin"
"DAY 37","tailor-made"
"DAY 37","halcyon"
"DAY 37","disconsolate"
"DAY 37","superb"
"DAY 37","confident"
"DAY 37","premier"
"DAY 37","paranoia"
"DAY 37","vengeance"
"DAY 37","garland"
"DAY 37","forefather"
"DAY 37","applicable"
"DAY 37","relieve"
"DAY 37","fancy"
"DAY 37","pessimistic"
"DAY 37","cosset"
"DAY 37","caprice"
"DAY 37","legible"
"DAY 37","sticky"
"DAY 37","draft"
"DAY 37","indifferent"
"DAY 37","lame"
"DAY 37","blackmail"
"DAY 37","eponymous"
"DAY 37","amass"
"DAY 37","woo"
"DAY 37","derive"
"DAY 37","bombshell"
"DAY 37","malingerer"
"DAY 37","valid"
"DAY 37","stretch"
"DAY 37","emblem"
"DAY 38","alchemy"
"DAY 38","heredity"
"DAY 38","fiscal"
"DAY 38","parsimonious"
"DAY 38","tenet"
"DAY 38","perseverance"
"DAY 38","captive"
"DAY 38","veteran"
"DAY 38","leak"
"DAY 38","tame"
"DAY 38","oligarchy"
"DAY 38","claim"
"DAY 38","extent"
"DAY 38","spark"
"DAY 38","induce"
"DAY 38","workout"
"DAY 38","remain"
"DAY 38","chamber"
"DAY 38","impersonation"
"DAY 38","becoming"
"DAY 38","pompous"
"DAY 38","manifold"
"DAY 38","delude"
"DAY 38","bombard"
"DAY 38","mutter"
"DAY 38","candidate"
"DAY 38","autobiography"
"DAY 38","vile"
"DAY 38","feline"
"DAY 38","discord"
"DAY 38","parole"
"DAY 38","singular"
"DAY 38","deter"
"DAY 38","uneven"
"DAY 38","concur"
"DAY 38","embed"
"DAY 38","semantic"
"DAY 38","comprehend"
"DAY 38","ache"
"DAY 38","quash"
"DAY 38","regal"
"DAY 38","gauche"
"DAY 38","rational"
"DAY 38","discerning"
"DAY 38","hamper"
"DAY 38","ambiguous"
"DAY 38","shaggy"
"DAY 38","savor"
"DAY 38","enslave"
"DAY 38","sciolism"
"DAY 39","vagary"
"DAY 39","glib"
"DAY 39","reckless"
"DAY 39","unique"
"DAY 39","stock"
"DAY 39","merchandise"
"DAY 39","bachelor"
"DAY 39","behold"
"DAY 39","obfuscate"
"DAY 39","chisel"
"DAY 39","populous"
"DAY 39","prestige"
"DAY 39","faucet"
"DAY 39","dubious"
"DAY 39","inalienable"
"DAY 39","intimate"
"DAY 39","parade"
"DAY 39","season"
"DAY 39","slump"
"DAY 39","conceit"
"DAY 39","philistine"
"DAY 39","coexist"
"DAY 39","desert"
"DAY 39","high-profile"
"DAY 39","significance"
"DAY 39","canard"
"DAY 39","traitor"
"DAY 39","adopt"
"DAY 39","fitful"
"DAY 39","arbiter"
"DAY 39","neurosis"
"DAY 39","reorganize"
"DAY 39","budget"
"DAY 39","accustomed"
"DAY 39","imponderable"
"DAY 39","effervescent"
"DAY 39","thwart"
"DAY 39","layoff"
"DAY 39","rehabilitate"
"DAY 39","encompass"
"DAY 39","eruption"
"DAY 39","matrimonial"
"DAY 39","obtrusive"
"DAY 39","averse"
"DAY 39","saturnine"
"DAY 39","loom"
"DAY 39","comply"
"DAY 39","delete"
"DAY 39","wanton"
"DAY 39","avoidance"
"DAY 40","restrain"
"DAY 40","threshold"
"DAY 40","hit-or-miss"
"DAY 40","faint"
"DAY 40","comb"
"DAY 40","stride"
"DAY 40","antipodes"
"DAY 40","harbor"
"DAY 40","salacious"
"DAY 40","sentence"
"DAY 40","element"
"DAY 40","reparation"
"DAY 40","fickle"
"DAY 40","maxim"
"DAY 40","barbarian"
"DAY 40","ascribe"
"DAY 40","ductile"
"DAY 40","scream"
"DAY 40","intermediate"
"DAY 40","minuscule"
"DAY 40","genesis"
"DAY 40","counterpart"
"DAY 40","dated"
"DAY 40","vest"
"DAY 40","pedestal"
"DAY 40","bigamy"
"DAY 40","vibrate"
"DAY 40","sour"
"DAY 40","pandemic"
"DAY 40","absolute"
"DAY 40","afford"
"DAY 40","expiate"
"DAY 40","obituary"
"DAY 40","launch"
"DAY 40","discriminate"
"DAY 40","literate"
"DAY 40","weave"
"DAY 40","enhance"
"DAY 40","ratify"
"DAY 40","ajar"
"DAY 40","theatrical"
"DAY 40","ingrained"
"DAY 40","postpone"
"DAY 40","calligraphy"
"DAY 40","critical"
"DAY 40","zephyr"
"DAY 40","define"
"DAY 40","uncouth"
"DAY 40","proportion"
"DAY 40","choir"
"DAY 41","workaday"
"DAY 41","disqualify"
"DAY 41","entomology"
"DAY 41","vouch"
"DAY 41","amazing"
"DAY 41","compose"
"DAY 41","microbe"
"DAY 41","impact"
"DAY 41","garret"
"DAY 41","ply"
"DAY 41","arrant"
"DAY 41","official"
"DAY 41","patrimony"
"DAY 41","foundation"
"DAY 41","rag"
"DAY 41","endeavor"
"DAY 41","pertinent"
"DAY 41","serendipity"
"DAY 41","cynical"
"DAY 41","character"
"DAY 41","luggage"
"DAY 41","cement"
"DAY 41","despise"
"DAY 41","terror"
"DAY 41","abreast"
"DAY 41","bravery"
"DAY 41","defiant"
"DAY 41","refined"
"DAY 41","martial"
"DAY 41","umbrage"
"DAY 41","acumen"
"DAY 41","sabotage"
"DAY 41","menial"
"DAY 41","impound"
"DAY 41","homicide"
"DAY 41","subscribe"
"DAY 41","calling"
"DAY 41","omit"
"DAY 41","pertinacious"
"DAY 41","tardy"
"DAY 41","beckon"
"DAY 41","fawning"
"DAY 41","somnambulism"
"DAY 41","lanky"
"DAY 41","playwright"
"DAY 41","scrub"
"DAY 41","excuse"
"DAY 41","kidnap"
"DAY 41","incisive"
"DAY 41","recant"
"DAY 42","shutdown"
"DAY 42","bold"
"DAY 42","viper"
"DAY 42","dexterous"
"DAY 42","militant"
"DAY 42","taut"
"DAY 42","detract"
"DAY 42","solitude"
"DAY 42","spire"
"DAY 42","condolence"
"DAY 42","hapless"
"DAY 42","occupation"
"DAY 42","lade"
"DAY 42","sanity"
"DAY 42","interject"
"DAY 42","passion"
"DAY 42","application"
"DAY 42","campaign"
"DAY 42","eugenics"
"DAY 42","undermine"
"DAY 42","conserve"
"DAY 42","belabor"
"DAY 42","coarse"
"DAY 42","inroad"
"DAY 42","ancestor"
"DAY 42","seminal"
"DAY 42","recrimination"
"DAY 42","jocose"
"DAY 42","impenetrable"
"DAY 42","exorcise"
"DAY 42","penance"
"DAY 42","feckless"
"DAY 42","hypothesis"
"DAY 42","endow"
"DAY 42","valedictory"
"DAY 42","gentry"
"DAY 42","compensate"
"DAY 42","perceive"
"DAY 42","fierce"
"DAY 42","narcotic"
"DAY 42","raw"
"DAY 42","decade"
"DAY 42","tolerance"
"DAY 42","mainstream"
"DAY 42","pivotal"
"DAY 42","pine"
"DAY 42","retire"
"DAY 42","meek"
"DAY 42","acquire"
"DAY 42","allegedly"
"DAY 43","bland"
"DAY 43","medium"
"DAY 43","dyslexia"
"DAY 43","onset"
"DAY 43","desperate"
"DAY 43","safeguard"
"DAY 43","loophole"
"DAY 43","constable"
"DAY 43","top-notch"
"DAY 43","enlighten"
"DAY 43","quay"
"DAY 43","disband"
"DAY 43","parturition"
"DAY 43","rake"
"DAY 43","vista"
"DAY 43","garnish"
"DAY 43","assemble"
"DAY 43","incognito"
"DAY 43","impregnable"
"DAY 43","cast"
"DAY 43","shore"
"DAY 43","enmity"
"DAY 43","exchange"
"DAY 43","recession"
"DAY 43","unite"
"DAY 43","glee"
"DAY 43","lethal"
"DAY 43","closet"
"DAY 43","ballot"
"DAY 43","servile"
"DAY 43","interpret"
"DAY 43","malign"
"DAY 43","convert"
"DAY 43","penny-pinching"
"DAY 43","adamant"
"DAY 43","accord"
"DAY 43","process"
"DAY 43","feign"
"DAY 43","absorb"
"DAY 43","objective"
"DAY 43","perpetual"
"DAY 43","sleek"
"DAY 43","stand"
"DAY 43","homogeneous"
"DAY 43","naturalize"
"DAY 43","conscious"
"DAY 43","urban"
"DAY 43","tyro"
"DAY 43","pinnacle"
"DAY 43","muddy"
"DAY 44","transport"
"DAY 44","quibble"
"DAY 44","reconnaissance"
"DAY 44","vaunt"
"DAY 44","conceive"
"DAY 44","harbinger"
"DAY 44","conglomeration"
"DAY 44","debate"
"DAY 44","mar"
"DAY 44","establish"
"DAY 44","beneficiary"
"DAY 44","incursion"
"DAY 44","harry"
"DAY 44","wary"
"DAY 44","privy"
"DAY 44","autodidact"
"DAY 44","desist"
"DAY 44","egoism"
"DAY 44","elusive"
"DAY 44","complaisant"
"DAY 44","nettle"
"DAY 44","placid"
"DAY 44","uterus"
"DAY 44","sever"
"DAY 44","optimal"
"DAY 44","lenient"
"DAY 44","merit"
"DAY 44","sallow"
"DAY 44","semester"
"DAY 44","recluse"
"DAY 44","sieve"
"DAY 44","chagrin"
"DAY 44","amusement"
"DAY 44","alternative"
"DAY 44","breeze"
"DAY 44","aggrieve"
"DAY 44","parley"
"DAY 44","tiresome"
"DAY 44","bend"
"DAY 44","spectacular"
"DAY 44","dense"
"DAY 44","initial"
"DAY 44","retrench"
"DAY 44","impeach"
"DAY 44","gratitude"
"DAY 44","forswear"
"DAY 44","civilian"
"DAY 44","petulant"
"DAY 44","facility"
"DAY 44","morose"
"DAY 45","lush"
"DAY 45","misogamy"
"DAY 45","innocuous"
"DAY 45","ruin"
"DAY 45","uncanny"
"DAY 45","tint"
"DAY 45","practicable"
"DAY 45","fissure"
"DAY 45","sanction"
"DAY 45","derail"
"DAY 45","warden"
"DAY 45","expensive"
"DAY 45","grateful"
"DAY 45","superlative"
"DAY 45","rage"
"DAY 45","visible"
"DAY 45","din"
"DAY 45","asteroid"
"DAY 45","breakthrough"
"DAY 45","larva"
"DAY 45","compassion"
"DAY 45","even-handed"
"DAY 45","torrent"
"DAY 45","impute"
"DAY 45","soggy"
"DAY 45","adverse"
"DAY 45","indomitable"
"DAY 45","neglect"
"DAY 45","pariah"
"DAY 45","access"
"DAY 45","coroner"
"DAY 45","perpetrate"
"DAY 45","maim"
"DAY 45","dwindle"
"DAY 45","haunt"
"DAY 45","auction"
"DAY 45","confine"
"DAY 45","sepulchral"
"DAY 45","elicit"
"DAY 45","mock"
"DAY 45","ensure"
"DAY 45","fit"
"DAY 45","gestation"
"DAY 45","berate"
"DAY 45","premeditated"
"DAY 45","transform"
"DAY 45","slash"
"DAY 45","pamper"
"DAY 45","opus"
"DAY 45","restless"
"DAY 46","incantation"
"DAY 46","frequent"
"DAY 46","attract"
"DAY 46","chorus"
"DAY 46","solace"
"DAY 46","swamp"
"DAY 46","spill"
"DAY 46","toxic"
"DAY 46","shift"
"DAY 46","osseous"
"DAY 46","magnet"
"DAY 46","monologue"
"DAY 46","entourage"
"DAY 46","recidivism"
"DAY 46","collateral"
"DAY 46","platonic"
"DAY 46","alms"
"DAY 46","deceive"
"DAY 46","negligent"
"DAY 46","temptation"
"DAY 46","gridlock"
"DAY 46","scourge"
"DAY 46","empower"
"DAY 46","paltry"
"DAY 46","perish"
"DAY 46","defeat"
"DAY 46","hectic"
"DAY 46","quandary"
"DAY 46","exaggerate"
"DAY 46","conduct"
"DAY 46","recusant"
"DAY 46","delicate"
"DAY 46","leverage"
"DAY 46","bovine"
"DAY 46","leech"
"DAY 46","adhere"
"DAY 46","universal"
"DAY 46","obsession"
"DAY 46","ration"
"DAY 46","minute"
"DAY 46","contain"
"DAY 46","incredible"
"DAY 46","astray"
"DAY 46","pestilence"
"DAY 46","vast"
"DAY 46","posterity"
"DAY 46","bully"
"DAY 46","invoke"
"DAY 46","dismay"
"DAY 46","hatred"
"DAY 47","excommunication"
"DAY 47","chaos"
"DAY 47","awkward"
"DAY 47","peevish"
"DAY 47","contrast."
"DAY 47","recondite"
"DAY 47","genus"
"DAY 47","edit"
"DAY 47","tarry"
"DAY 47","platitude"
"DAY 47","portal"
"DAY 47","diagnosis"
"DAY 47","enthusiasm"
"DAY 47","jocund"
"DAY 47","organ"
"DAY 47","rotate"
"DAY 47","horrendous"
"DAY 47","tone"
"DAY 47","mimic"
"DAY 47","seal"
"DAY 47","decomposition"
"DAY 47","produce"
"DAY 47","scoundrel"
"DAY 47","considerable"
"DAY 47","laureate"
"DAY 47","penetrate"
"DAY 47","abort"
"DAY 47","falter"
"DAY 47","imperial"
"DAY 47","frustration"
"DAY 47","verbose"
"DAY 47","diameter"
"DAY 47","incident"
"DAY 47","paranoid"
"DAY 47","caress"
"DAY 47","antagonist"
"DAY 47","levy"
"DAY 47","solicit"
"DAY 47","bicker"
"DAY 47","wraith"
"DAY 47","board"
"DAY 47","molecule"
"DAY 47","integral"
"DAY 47","embroider"
"DAY 47","underscore"
"DAY 47","smack"
"DAY 47","vis-à-vis"
"DAY 47","aviation"
"DAY 47","manifest"
"DAY 47","influence"
"DAY 48","kinetic"
"DAY 48","bid"
"DAY 48","stature"
"DAY 48","hamlet"
"DAY 48","constant"
"DAY 48","devaluation"
"DAY 48","reluctant"
"DAY 48","proctor"
"DAY 48","gratuity"
"DAY 48","senile"
"DAY 48","physiology"
"DAY 48","impediment"
"DAY 48","fallow"
"DAY 48","understate"
"DAY 48","rant"
"DAY 48","halt"
"DAY 48","disturb"
"DAY 48","point-blank"
"DAY 48","tramp"
"DAY 48","intensive"
"DAY 48","reign"
"DAY 48","complication"
"DAY 48","towering"
"DAY 48","align"
"DAY 48","extinct"
"DAY 48","masquerade"
"DAY 48","celebrity"
"DAY 48","obsolescence"
"DAY 48","complement"
"DAY 48","lewd"
"DAY 48","furor"
"DAY 48","recess"
"DAY 48","wrap"
"DAY 48","acclaim"
"DAY 48","plain"
"DAY 48","arsenic"
"DAY 48","entail"
"DAY 48","inexplicable"
"DAY 48","sneer"
"DAY 48","retail"
"DAY 48","version"
"DAY 48","bane"
"DAY 48","misery"
"DAY 48","patent"
"DAY 48","asylum"
"DAY 48","craftsman"
"DAY 48","perspicuous"
"DAY 48","supposedly"
"DAY 48","defuse"
"DAY 48","obstinate"
"DAY 49","available"
"DAY 49","hatch"
"DAY 49","unflinching"
"DAY 49","confederation"
"DAY 49","polymath"
"DAY 49","malevolent"
"DAY 49","sneak"
"DAY 49","intercourse"
"DAY 49","fetus"
"DAY 49","fake"
"DAY 49","politic"
"DAY 49","ontology"
"DAY 49","truculent"
"DAY 49","rookie"
"DAY 49","queasy"
"DAY 49","puzzling"
"DAY 49","leaven"
"DAY 49","deception"
"DAY 49","rack"
"DAY 49","renounce"
"DAY 49","stagnation"
"DAY 49","meteorology"
"DAY 49","illegitimate"
"DAY 49","congregate"
"DAY 49","dilute"
"DAY 49","gem"
"DAY 49","pack"
"DAY 49","pejorative"
"DAY 49","succor"
"DAY 49","sedentary"
"DAY 49","eject"
"DAY 49","eternity"
"DAY 49","entice"
"DAY 49","basin"
"DAY 49","incarcerate"
"DAY 49","reputation"
"DAY 49","reflect"
"DAY 49","demolish"
"DAY 49","oblique"
"DAY 49","vanish"
"DAY 49","section"
"DAY 49","corrosive"
"DAY 49","companion"
"DAY 49","clash"
"DAY 49","blush"
"DAY 49","appoint"
"DAY 49","blend"
"DAY 49","toil"
"DAY 49","neighborhood"
"DAY 49","landmark"
"DAY 50","air"
"DAY 50","booty"
"DAY 50","libel"
"DAY 50","optional"
"DAY 50","peripatetic"
"DAY 50","vent"
"DAY 50","masterpiece"
"DAY 50","convince"
"DAY 50","sparse"
"DAY 50","current"
"DAY 50","immune"
"DAY 50","chatterbox"
"DAY 50","naught"
"DAY 50","redundant"
"DAY 50","concord"
"DAY 50","stubby"
"DAY 50","mean"
"DAY 50","ponder"
"DAY 50","commend"
"DAY 50","incubate"
"DAY 50","prop"
"DAY 50","shambles"
"DAY 50","relax"
"DAY 50","uniform"
"DAY 50","ardent"
"DAY 50","eclogue"
"DAY 50","appall"
"DAY 50","distraction"
"DAY 50","rotten"
"DAY 50","filter"
"DAY 50","perforate"
"DAY 50","rapscallion"
"DAY 50","befit"
"DAY 50","waive"
"DAY 50","hieroglyph"
"DAY 50","agony"
"DAY 50","temerity"
"DAY 50","due"
"DAY 50","faculty"
"DAY 50","planet"
"DAY 50","reckon"
"DAY 50","paragon"
"DAY 50","innumerable"
"DAY 50","graphic"
"DAY 50","optician"
"DAY 50","trail"
"DAY 50","scar"
"DAY 50","discard"
"DAY 50","enervate"
"DAY 50","haggle"
"DAY 51","territory"
"DAY 51","leprosy"
"DAY 51","understudy"
"DAY 51","regenerate"
"DAY 51","install"
"DAY 51","vice"
"DAY 51","onerous"
"DAY 51","spout"
"DAY 51","indefatigable"
"DAY 51","soothe"
"DAY 51","dwell"
"DAY 51","rustic"
"DAY 51","mute"
"DAY 51","devote"
"DAY 51","craft"
"DAY 51","compromise"
"DAY 51","anonymous"
"DAY 51","banner"
"DAY 51","brew"
"DAY 51","intelligence"
"DAY 51","embody"
"DAY 51","wiseacre"
"DAY 51","obverse"
"DAY 51","censor"
"DAY 51","funeral"
"DAY 51","rampart"
"DAY 51","resist"
"DAY 51","extirpate"
"DAY 51","plight"
"DAY 51","fare"
"DAY 51","circumference"
"DAY 51","pointed"
"DAY 51","reptile"
"DAY 51","mature"
"DAY 51","attachment"
"DAY 51","stuff"
"DAY 51","queer"
"DAY 51","topsy-turvy"
"DAY 51","permissive"
"DAY 51","allot"
"DAY 51","prosecute"
"DAY 51","swing"
"DAY 51","contrary"
"DAY 51","disdain"
"DAY 51","polygraph"
"DAY 51","latent"
"DAY 51","humid"
"DAY 51","genial"
"DAY 51","palaver"
"DAY 51","accommodation"
"DAY 52","conifer"
"DAY 52","yeast"
"DAY 52","loyalty"
"DAY 52","scanty"
"DAY 52","coax"
"DAY 52","osmosis"
"DAY 52","framework"
"DAY 52","harrowing"
"DAY 52","ultimate"
"DAY 52","represent"
"DAY 52","rebut"
"DAY 52","pardon"
"DAY 52","sear"
"DAY 52","marrow"
"DAY 52","perk"
"DAY 52","winsome"
"DAY 52","emancipate"
"DAY 52","entrenched"
"DAY 52","rendezvous"
"DAY 52","polarize"
"DAY 52","peasant"
"DAY 52","bloom"
"DAY 52","pliable"
"DAY 52","bitter"
"DAY 52","profession"
"DAY 52","sole"
"DAY 52","retention"
"DAY 52","consent"
"DAY 52","thrive"
"DAY 52","aloft"
"DAY 52","vortex"
"DAY 52","dent"
"DAY 52","facile"
"DAY 52","glue"
"DAY 52","venomous"
"DAY 52","meddle"
"DAY 52","dilemma"
"DAY 52","compulsory"
"DAY 52","advent"
"DAY 52","beacon"
"DAY 52","cough"
"DAY 52","regress"
"DAY 52","award"
"DAY 52","surge"
"DAY 52","discern"
"DAY 52","transfigure"
"DAY 52","incentive"
"DAY 52","hallmark"
"DAY 52","intoxicate"
"DAY 52","independent"
"DAY 53","philately"
"DAY 53","enclose"
"DAY 53","domineer"
"DAY 53","brand-new"
"DAY 53","plagiarism"
"DAY 53","gravity"
"DAY 53","arable"
"DAY 53","fatal"
"DAY 53","hidebound"
"DAY 53","loan"
"DAY 53","recoup"
"DAY 53","pang"
"DAY 53","jovial"
"DAY 53","pervade"
"DAY 53","furnace"
"DAY 53","rectify"
"DAY 53","sap"
"DAY 53","largess"
"DAY 53","usher"
"DAY 53","slight"
"DAY 53","convolution"
"DAY 53","allure"
"DAY 53","treat"
"DAY 53","repertoire"
"DAY 53","dispute"
"DAY 53","olfactory"
"DAY 53","potent"
"DAY 53","cohesion"
"DAY 53","resolve"
"DAY 53","incubus"
"DAY 53","contact"
"DAY 53","malfunction"
"DAY 53","opulent"
"DAY 53","inferior"
"DAY 53","strict"
"DAY 53","sore"
"DAY 53","err"
"DAY 53","regime"
"DAY 53","narrative"
"DAY 53","vicinity"
"DAY 53","aura"
"DAY 53","confound"
"DAY 53","speck"
"DAY 53","bargain"
"DAY 53","mercantile"
"DAY 53","invaluable"
"DAY 53","dally"
"DAY 53","throng"
"DAY 53","crevice"
"DAY 53","preen"
"DAY 54","cloy"
"DAY 54","dysfunction"
"DAY 54","mandate"
"DAY 54","substance"
"DAY 54","podium"
"DAY 54","kidney"
"DAY 54","proselyte"
"DAY 54","hindsight"
"DAY 54","liability"
"DAY 54","obeisance"
"DAY 54","appreciably"
"DAY 54","remnant"
"DAY 54","fervent"
"DAY 54","syllabus"
"DAY 54","betoken"
"DAY 54","valiant"
"DAY 54","instruct"
"DAY 54","entangle"
"DAY 54","persecute"
"DAY 54","smear"
"DAY 54","obstacle"
"DAY 54","emit"
"DAY 54","contaminate"
"DAY 54","anemia"
"DAY 54","recall"
"DAY 54","parable"
"DAY 54","irreparable"
"DAY 54","roost"
"DAY 54","trap"
"DAY 54","autonomy"
"DAY 54","stutter"
"DAY 54","melt"
"DAY 54","contract"
"DAY 54","nibble"
"DAY 54","sinister"
"DAY 54","heedless"
"DAY 54","augur"
"DAY 54","limb"
"DAY 54","incriminate"
"DAY 54","refuge"
"DAY 54","refute"
"DAY 54","pawn"
"DAY 54","geometry"
"DAY 54","pile"
"DAY 54","breakdown"
"DAY 54","undertake"
"DAY 54","delegate"
"DAY 54","component"
"DAY 54","dismal"
"DAY 54","crop"
"DAY 55","realm"
"DAY 55","affiliate"
"DAY 55","habiliment"
"DAY 55","alias"
"DAY 55","akin"
"DAY 55","locate"
"DAY 55","proposition"
"DAY 55","credence"
"DAY 55","demerit"
"DAY 55","commencement"
"DAY 55","nonage"
"DAY 55","stink"
"DAY 55","deposit"
"DAY 55","enrapture"
"DAY 55","plume"
"DAY 55","seduce"
"DAY 55","issue"
"DAY 55","vulnerable"
"DAY 55","tip"
"DAY 55","derogatory"
"DAY 55","quench"
"DAY 55","argot"
"DAY 55","transmit"
"DAY 55","disclose"
"DAY 55","prologue"
"DAY 55","intent"
"DAY 55","soak"
"DAY 55","embezzle"
"DAY 55","continent"
"DAY 55","fiasco"
"DAY 55","partial"
"DAY 55","vault"
"DAY 55","barricade"
"DAY 55","cradle"
"DAY 55","synchronize"
"DAY 55","layman"
"DAY 55","repent"
"DAY 55","fatigue"
"DAY 55","ruffian"
"DAY 55","bowdlerize"
"DAY 55","ingenious"
"DAY 55","condition"
"DAY 55","wax"
"DAY 55","grime"
"DAY 55","obscene"
"DAY 55","premonition"
"DAY 55","mob"
"DAY 55","redress"
"DAY 55","reinstate"
"DAY 55","steep"
"DAY 56","obvious"
"DAY 56","rebuff"
"DAY 56","assassinate"
"DAY 56","suit"
"DAY 56","detain"
"DAY 56","pillory"
"DAY 56","vertebrate"
"DAY 56","congestion"
"DAY 56","rend"
"DAY 56","havoc"
"DAY 56","misgiving"
"DAY 56","prostitute"
"DAY 56","brink"
"DAY 56","inspire"
"DAY 56","wardrobe"
"DAY 56","lexicon"
"DAY 56","felony"
"DAY 56","capsize"
"DAY 56","elf"
"DAY 56","coverage"
"DAY 56","upbeat"
"DAY 56","temperament"
"DAY 56","fabrication"
"DAY 56","providence"
"DAY 56","crave"
"DAY 56","estimate"
"DAY 56","random"
"DAY 56","obnoxious"
"DAY 56","spread"
"DAY 56","insight"
"DAY 56","peer"
"DAY 56","restrict"
"DAY 56","negate"
"DAY 56","conjure"
"DAY 56","preternatural"
"DAY 56","audit"
"DAY 56","bumble"
"DAY 56","mantle"
"DAY 56","incorporate"
"DAY 56","skyrocket"
"DAY 56","remit"
"DAY 56","sloth"
"DAY 56","trait"
"DAY 56","endemic"
"DAY 56","gratis"
"DAY 56","priest"
"DAY 56","animosity"
"DAY 56","dip"
"DAY 56","hallow"
"DAY 56","diversity"
"DAY 57","blast"
"DAY 57","snoop"
"DAY 57","privatize"
"DAY 57","reservoir"
"DAY 57","annul"
"DAY 57","enmesh"
"DAY 57","threadbare"
"DAY 57","patron"
"DAY 57","circumspect"
"DAY 57","listless"
"DAY 57","wreath"
"DAY 57","eloquence"
"DAY 57","conclusion"
"DAY 57","drip"
"DAY 57","remedy"
"DAY 57","marked"
"DAY 57","corridor"
"DAY 57","budge"
"DAY 57","attrition"
"DAY 57","ferret"
"DAY 57","hull"
"DAY 57","luminary"
"DAY 57","inject"
"DAY 57","relegate"
"DAY 57","rupture"
"DAY 57","suppurate"
"DAY 57","transition"
"DAY 57","profile"
"DAY 57","dermatologist"
"DAY 57","count"
"DAY 57","veneer"
"DAY 57","assign"
"DAY 57","moderate"
"DAY 57","fable"
"DAY 57","apparel"
"DAY 57","erase"
"DAY 57","judicial"
"DAY 57","strain"
"DAY 57","concern"
"DAY 57","gourmand"
"DAY 57","pusillanimous"
"DAY 57","unbridled"
"DAY 57","designate"
"DAY 57","motto"
"DAY 57","inherent"
"DAY 57","spearhead"
"DAY 57","oblige"
"DAY 57","hesitate"
"DAY 57","straitjacket"
"DAY 57","portray"
"DAY 58","officious"
"DAY 58","azure"
"DAY 58","relevant"
"DAY 58","survey"
"DAY 58","context"
"DAY 58","degenerate"
"DAY 58","submit"
"DAY 58","supervene"
"DAY 58","flamboyant"
"DAY 58","stumble"
"DAY 58","eclipse"
"DAY 58","relinquish"
"DAY 58","proper"
"DAY 58","coup"
"DAY 58","vantage"
"DAY 58","nerve"
"DAY 58","loot"
"DAY 58","mint"
"DAY 58","putrefy"
"DAY 58","contest"
"DAY 58","stoop"
"DAY 58","pitch"
"DAY 58","convent"
"DAY 58","arbitrate"
"DAY 58","pledge"
"DAY 58","querulous"
"DAY 58","descent"
"DAY 58","book"
"DAY 58","cognomen"
"DAY 58","repetitive"
"DAY 58","apartheid"
"DAY 58","perdition"
"DAY 58","traduce"
"DAY 58","enfetter"
"DAY 58","gazette"
"DAY 58","untold"
"DAY 58","rein"
"DAY 58","interrogate"
"DAY 58","veer"
"DAY 58","litigation"
"DAY 58","torpedo"
"DAY 58","redound"
"DAY 58","bumptious"
"DAY 58","habitat"
"DAY 58","intrigue"
"DAY 58","menace"
"DAY 58","expand"
"DAY 58","domesticate"
"DAY 58","feast"
"DAY 58","attest"
"DAY 59","shun"
"DAY 59","anthropoid"
"DAY 59","expose"
"DAY 59","nefarious"
"DAY 59","disgrace"
"DAY 59","response"
"DAY 59","plaster"
"DAY 59","render"
"DAY 59","myth"
"DAY 59","civil"
"DAY 59","engender"
"DAY 59","indigence"
"DAY 59","mutual"
"DAY 59","suffice"
"DAY 59","aeon"
"DAY 59","disillusion"
"DAY 59","plump"
"DAY 59","stroll"
"DAY 59","odds"
"DAY 59","trounce"
"DAY 59","bud"
"DAY 59","jettison"
"DAY 59","flair"
"DAY 59","customize"
"DAY 59","upright"
"DAY 59","ambush"
"DAY 59","bullion"
"DAY 59","credit"
"DAY 59","occupy"
"DAY 59","congress"
"DAY 59","swap"
"DAY 59","layout"
"DAY 59","gravid"
"DAY 59","verisimilitude"
"DAY 59","pursue"
"DAY 59","farce"
"DAY 59","expedite"
"DAY 59","bridle"
"DAY 59","deracinate"
"DAY 59","herd"
"DAY 59","revel"
"DAY 59","console"
"DAY 59","regurgitate"
"DAY 59","procedure"
"DAY 59","limpid"
"DAY 59","assert"
"DAY 59","squeamish"
"DAY 59","testimony"
"DAY 59","redolent"
"DAY 59","incline"
"DAY 60","tenacious"
"DAY 60","envelop"
"DAY 60","siege"
"DAY 60","assess"
"DAY 60","portable"
"DAY 60","recital"
"DAY 60","startle"
"DAY 60","morsel"
"DAY 60","annex"
"DAY 60","contagion"
"DAY 60","spiritual"
"DAY 60","maul"
"DAY 60","uneasy"
"DAY 60","eliminate"
"DAY 60","spice"
"DAY 60","inaugurate"
"DAY 60","hermit"
"DAY 60","reserve"
"DAY 60","decisive"
"DAY 60","nicety"
"DAY 60","digress"
"DAY 60","anachronism"
"DAY 60","waver"
"DAY 60","terrestrial"
"DAY 60","convict"
"DAY 60","venue"
"DAY 60","polish"
"DAY 60","gaudy"
"DAY 60","retort"
"DAY 60","asset"
"DAY 60","pore"
"DAY 60","indisputable"
"DAY 60","crucify"
"DAY 60","loaf"
"DAY 60","brunt"
"DAY 60","grant"
"DAY 60","finesse"
"DAY 60","conquer"
"DAY 60","poach"
"DAY 60","onus"
"DAY 60","authenticate"
"DAY 60","precinct"
"DAY 60","forerunner"
"DAY 60","repeal"
"DAY 60","buoy"
"DAY 60","dissimulate"
"DAY 60","surname"
"DAY 60","corporation"
"DAY 60","encumber"
"DAY 60","logrolling"